{
    "criteria": {
        "trigger": {
            "trigger": "minecraft:tick"
        }
    },
    "rewards": {
        "function": "arcana:unlock_dlc_script"
    },
    "display": {
        "title": "DLC Script Unlocked",
        "description": "You've unlocked a secret scripting expansion!",
        "icon": {
            "item": "minecraft:book"
        },
        "frame": "goal",
        "announce_to_chat": true,
        "show_toast": true,
        "background": "minecraft:textures/gui/advancements/backgrounds/end.png"
    }
}