{
    "parent": "item/generated",
    "textures": {
        "layer0": "item/brick"
    },
    "overrides": [
        {
            "predicate": {
                "custom_model_data": 1001
            },
            "model": "minecraft:item/lapis_lazuli_brick"
        },
        {
            "predicate": {
                "custom_model_data": 1002
            },
            "model": "minecraft:item/edible_brick"
        },
        {
            "predicate": {
                "custom_model_data": 1003
            },
            "model": "minecraft:item/tnt_brick"
        },
        {
            "predicate": {
                "custom_model_data": 1004
            },
            "model": "minecraft:item/diamond_brick"
        },
        {
            "predicate": {
                "custom_model_data": 1005
            },
            "model": "minecraft:item/slime_brick"
        },
        {
            "predicate": {
                "custom_model_data": 1006
            },
            "model": "minecraft:item/emerald_brick"
        },
        {
            "predicate": {
                "custom_model_data": 1007
            },
            "model": "minecraft:item/cinder_block"
        },
        {
            "predicate": {
                "custom_model_data": 1008
            },
            "model": "minecraft:item/dirt_brick"
        }
    ]
}