{
    "schemaVersion": 1,
    "id": "arcana_script",
    "version": "1.0.0",
    "name": "ArcanaScript",
    "description": "Modular scripting engine using Lua, Python, Snolang, CVV and Kotlin integrated with Wizards of Lua and Fabric",
    "authors": [
        "Alex"
    ],
    "contact": {
        "sources": "https://example.com/source"
    },
    "license": "MIT",
    "environment": "*",
    "entrypoints": {
        "main": [
            "com.arcana.script.ArcanaScriptMod"
        ]
    },
    "depends": {
        "fabricloader": ">=0.14.22",
        "fabric": "*",
        "minecraft": "1.21.5",
        "wizards_of_lua": "*",
        "kotlin": ">=1.9.0"
    },
    "suggests": {
        "buildergpt": "*",
        "magic_of_lua": "*"
    }
}