{
    "mod_name": "Ender Queen & Garden of Agnes",
    "version": "1.0",
    "description": "A Minecraft datapack introducing the Garden of Agnes dimension, Ender Queen NPC, custom trees, and extensive mod features.",
    "author": "Rose AI",
    "features": [
        "Custom Dimension with natural and lore-based elements",
        "NPC Ender Queen with personality and behaviors",
        "Gun system with different ammo types and visuals",
        "Inventory GUI and spell-based interactions",
        "Lua runtime integration and ambient storytelling"
    ],
    "requirements": [
        "Minecraft Java Edition",
        "Bouquet",
        "Wizards-of-Lua"
    ]
}