{
  "display": {
    "title": {
      "text": "Dye Master",
      "color": "blue"
    },
    "description": {
      "text": "Craft your first custom dye"
    },
    "icon": {
      "item": "minecraft:rose_dye"
    },
    "frame": "task",
    "show_toast": true,
    "announce_to_chat": true,
    "hidden": false
  },
  "criteria": {
    "crafted_dye": {
      "trigger": "minecraft:crafted_item",
      "conditions": {
        "items": [
          {
            "item": "minecraft:rose_dye"
          }
        ]
      }
    }
  }
}